{
    "name" : "taki",
    "homeTown" : "Hualien",
    "formed" : 2016,
    "diaries" : [
      {
        "title":"我是羅羅",
        "-----------date-----------": 0,
        "month":"dec",
        "date":"28",
        "-----------------content-----------------": 0,
        "content":"羅羅也想正大光明的打電動<br>但那樣太廢了<br>羅羅小時候被問過<br>事情沒做完你這樣玩會開心嗎",
        "--------------------others--------------------": 0,
        "text_align": 1,
        "diary_index_update_tag" : 0
      },
      {
        "title":"來自::::june@77mail.com",
        "-----------date-----------": 0,
        "month":"dec",
        "date":"28",
        "-----------------content-----------------": 0,
        "content":
        "季虞是一本泛黃的書，看著自己寫得歪扭的硬筆字，顫抖的墨水漬擾亂了所有行距，此刻明白自己永遠無法對陌生的讀者誠實。「我醜陋的內心是站也站不穩，躺也躺不平般地不安與憂愁。請再給我下一個十年，待下一個扉頁泛黃的季節，我能勇敢，我能攤開所有已然殘缺的書頁，到時請靜心翻閱，我那經過時間折磨後的不甚完美。」<br>夏季的陽光是針，是刺。莫莫收到遠方的來信，附上寄件者的所有幸與她所失去的不幸，悲傷終於能稍微克制，眼淚可以說停就停。那天意外走進與自己無關的書局，書本上所記錄的文字竟朝著她飛去，砸穿她的皮膚，深入她的骨，窒息感讓她看見自己被壓倒在地，渾身不自在的氛圍掐著她逃出室外。「我寧可曬曬太陽，也再也不多寫一句。」",
        "--------------------others--------------------": 0,
        "text_align": 1,
        "diary_index_update_tag" : 0
      },
      {
        "title":"我是尼克歐",
        "-----------date-----------": 0,
        "month":"dec",
        "date":"28",
        "-----------------content-----------------": 0,
        "content":
        "季虞是一本泛黃的書，看著自己寫得歪扭的硬筆字，顫抖的墨水漬擾亂了所有行距，此刻明白自己永遠無法對陌生的讀者誠實。「我醜陋的內心是站也站不穩，躺也躺不平般地不安與憂愁。請再給我下一個十年，待下一個扉頁泛黃的季節，我能勇敢，我能攤開所有已然殘缺的書頁，到時請靜心翻閱，我那經過時間折磨後的不甚完美。」<br>夏季的陽光是針，是刺。莫莫收到遠方的來信，附上寄件者的所有幸與她所失去的不幸，悲傷終於能稍微克制，眼淚可以說停就停。那天意外走進與自己無關的書局，書本上所記錄的文字竟朝著她飛去，砸穿她的皮膚，深入她的骨，窒息感讓她看見自己被壓倒在地，渾身不自在的氛圍掐著她逃出室外。「我寧可曬曬太陽，也再也不多寫一句。」",
        "--------------------others--------------------": 0,
        "text_align": 1,
        "diary_index_update_tag" : 0
      },
      {
        "title":"我是湯沐",
        "-----------date-----------": 0,
        "month":"dec",
        "date":"28",
        "-----------------content-----------------": 0,
        "content":
        "季虞是一本泛黃的書，看著自己寫得歪扭的硬筆字，顫抖的墨水漬擾亂了所有行距，此刻明白自己永遠無法對陌生的讀者誠實。「我醜陋的內心是站也站不穩，躺也躺不平般地不安與憂愁。請再給我下一個十年，待下一個扉頁泛黃的季節，我能勇敢，我能攤開所有已然殘缺的書頁，到時請靜心翻閱，我那經過時間折磨後的不甚完美。」<br>夏季的陽光是針，是刺。莫莫收到遠方的來信，附上寄件者的所有幸與她所失去的不幸，悲傷終於能稍微克制，眼淚可以說停就停。那天意外走進與自己無關的書局，書本上所記錄的文字竟朝著她飛去，砸穿她的皮膚，深入她的骨，窒息感讓她看見自己被壓倒在地，渾身不自在的氛圍掐著她逃出室外。「我寧可曬曬太陽，也再也不多寫一句。」",
        "--------------------others--------------------": 0,
        "text_align": 1,
        "diary_index_update_tag" : 0
      },
      {
        "title":"我是阿拉丁",
        "-----------date-----------": 0,
        "month":"dec",
        "date":"28",
        "-----------------content-----------------": 0,
        "content":
        "季虞是一本泛黃的書，看著自己寫得歪扭的硬筆字，顫抖的墨水漬擾亂了所有行距，此刻明白自己永遠無法對陌生的讀者誠實。「我醜陋的內心是站也站不穩，躺也躺不平般地不安與憂愁。請再給我下一個十年，待下一個扉頁泛黃的季節，我能勇敢，我能攤開所有已然殘缺的書頁，到時請靜心翻閱，我那經過時間折磨後的不甚完美。」<br>夏季的陽光是針，是刺。莫莫收到遠方的來信，附上寄件者的所有幸與她所失去的不幸，悲傷終於能稍微克制，眼淚可以說停就停。那天意外走進與自己無關的書局，書本上所記錄的文字竟朝著她飛去，砸穿她的皮膚，深入她的骨，窒息感讓她看見自己被壓倒在地，渾身不自在的氛圍掐著她逃出室外。「我寧可曬曬太陽，也再也不多寫一句。」",
        "--------------------others--------------------": 0,
        "text_align": 1,
        "diary_index_update_tag" : 0
      },
      {
        "title":"我是辛蒂",
        "-----------date-----------": 0,
        "month":"dec",
        "date":"28",
        "-----------------content-----------------": 0,
        "content":
        "季虞是一本泛黃的書，看著自己寫得歪扭的硬筆字，顫抖的墨水漬擾亂了所有行距，此刻明白自己永遠無法對陌生的讀者誠實。「我醜陋的內心是站也站不穩，躺也躺不平般地不安與憂愁。請再給我下一個十年，待下一個扉頁泛黃的季節，我能勇敢，我能攤開所有已然殘缺的書頁，到時請靜心翻閱，我那經過時間折磨後的不甚完美。」<br>夏季的陽光是針，是刺。莫莫收到遠方的來信，附上寄件者的所有幸與她所失去的不幸，悲傷終於能稍微克制，眼淚可以說停就停。那天意外走進與自己無關的書局，書本上所記錄的文字竟朝著她飛去，砸穿她的皮膚，深入她的骨，窒息感讓她看見自己被壓倒在地，渾身不自在的氛圍掐著她逃出室外。「我寧可曬曬太陽，也再也不多寫一句。」",
        "--------------------others--------------------": 0,
        "text_align": 1,
        "diary_index_update_tag" : 0
      },
      {
        "title":"我叫伯利",
        "-----------date-----------": 0,
        "month":"dec",
        "date":"28",
        "-----------------content-----------------": 0,
        "content":
        "季虞是一本泛黃的書，看著自己寫得歪扭的硬筆字，顫抖的墨水漬擾亂了所有行距，此刻明白自己永遠無法對陌生的讀者誠實。「我醜陋的內心是站也站不穩，躺也躺不平般地不安與憂愁。請再給我下一個十年，待下一個扉頁泛黃的季節，我能勇敢，我能攤開所有已然殘缺的書頁，到時請靜心翻閱，我那經過時間折磨後的不甚完美。」<br>夏季的陽光是針，是刺。莫莫收到遠方的來信，附上寄件者的所有幸與她所失去的不幸，悲傷終於能稍微克制，眼淚可以說停就停。那天意外走進與自己無關的書局，書本上所記錄的文字竟朝著她飛去，砸穿她的皮膚，深入她的骨，窒息感讓她看見自己被壓倒在地，渾身不自在的氛圍掐著她逃出室外。「我寧可曬曬太陽，也再也不多寫一句。」",
        "--------------------others--------------------": 0,
        "text_align": 1,
        "diary_index_update_tag" : 0
      },
      {
        "title":"我叫火機",
        "-----------date-----------": 0,
        "month":"dec",
        "date":"28",
        "-----------------content-----------------": 0,
        "content":
        "季虞是一本泛黃的書，看著自己寫得歪扭的硬筆字，顫抖的墨水漬擾亂了所有行距，此刻明白自己永遠無法對陌生的讀者誠實。「我醜陋的內心是站也站不穩，躺也躺不平般地不安與憂愁。請再給我下一個十年，待下一個扉頁泛黃的季節，我能勇敢，我能攤開所有已然殘缺的書頁，到時請靜心翻閱，我那經過時間折磨後的不甚完美。」<br>夏季的陽光是針，是刺。莫莫收到遠方的來信，附上寄件者的所有幸與她所失去的不幸，悲傷終於能稍微克制，眼淚可以說停就停。那天意外走進與自己無關的書局，書本上所記錄的文字竟朝著她飛去，砸穿她的皮膚，深入她的骨，窒息感讓她看見自己被壓倒在地，渾身不自在的氛圍掐著她逃出室外。「我寧可曬曬太陽，也再也不多寫一句。」",
        "--------------------others--------------------": 0,
        "text_align": 1,
        "diary_index_update_tag" : 0
      },
      {
        "title":"我是22565",
        "-----------date-----------": 0,
        "month":"dec",
        "date":"28",
        "-----------------content-----------------": 0,
        "content":
        "季虞是一本泛黃的書，看著自己寫得歪扭的硬筆字，顫抖的墨水漬擾亂了所有行距，此刻明白自己永遠無法對陌生的讀者誠實。「我醜陋的內心是站也站不穩，躺也躺不平般地不安與憂愁。請再給我下一個十年，待下一個扉頁泛黃的季節，我能勇敢，我能攤開所有已然殘缺的書頁，到時請靜心翻閱，我那經過時間折磨後的不甚完美。」<br>夏季的陽光是針，是刺。莫莫收到遠方的來信，附上寄件者的所有幸與她所失去的不幸，悲傷終於能稍微克制，眼淚可以說停就停。那天意外走進與自己無關的書局，書本上所記錄的文字竟朝著她飛去，砸穿她的皮膚，深入她的骨，窒息感讓她看見自己被壓倒在地，渾身不自在的氛圍掐著她逃出室外。「我寧可曬曬太陽，也再也不多寫一句。」",
        "--------------------others--------------------": 0,
        "text_align": 1,
        "diary_index_update_tag" : 0
      },
      {
        "title":"我是芬",
        "-----------date-----------": 0,
        "month":"dec",
        "date":"28",
        "-----------------content-----------------": 0,
        "content":
        "季虞是一本泛黃的書，看著自己寫得歪扭的硬筆字，顫抖的墨水漬擾亂了所有行距，此刻明白自己永遠無法對陌生的讀者誠實。「我醜陋的內心是站也站不穩，躺也躺不平般地不安與憂愁。請再給我下一個十年，待下一個扉頁泛黃的季節，我能勇敢，我能攤開所有已然殘缺的書頁，到時請靜心翻閱，我那經過時間折磨後的不甚完美。」<br>夏季的陽光是針，是刺。莫莫收到遠方的來信，附上寄件者的所有幸與她所失去的不幸，悲傷終於能稍微克制，眼淚可以說停就停。那天意外走進與自己無關的書局，書本上所記錄的文字竟朝著她飛去，砸穿她的皮膚，深入她的骨，窒息感讓她看見自己被壓倒在地，渾身不自在的氛圍掐著她逃出室外。「我寧可曬曬太陽，也再也不多寫一句。」",
        "--------------------others--------------------": 0,
        "text_align": 1,
        "diary_index_update_tag" : 0
      },
      {
        "title":"我是第172次扇形車庫",
        "-----------date-----------": 0,
        "month":"dec",
        "date":"28",
        "-----------------content-----------------": 0,
        "content":
        "季虞是一本泛黃的書，看著自己寫得歪扭的硬筆字，顫抖的墨水漬擾亂了所有行距，此刻明白自己永遠無法對陌生的讀者誠實。「我醜陋的內心是站也站不穩，躺也躺不平般地不安與憂愁。請再給我下一個十年，待下一個扉頁泛黃的季節，我能勇敢，我能攤開所有已然殘缺的書頁，到時請靜心翻閱，我那經過時間折磨後的不甚完美。」<br>夏季的陽光是針，是刺。莫莫收到遠方的來信，附上寄件者的所有幸與她所失去的不幸，悲傷終於能稍微克制，眼淚可以說停就停。那天意外走進與自己無關的書局，書本上所記錄的文字竟朝著她飛去，砸穿她的皮膚，深入她的骨，窒息感讓她看見自己被壓倒在地，渾身不自在的氛圍掐著她逃出室外。「我寧可曬曬太陽，也再也不多寫一句。」",
        "--------------------others--------------------": 0,
        "text_align": 1,
        "diary_index_update_tag" : 0
      },
      {
        "title":"我是他最忠實的僕人",
        "-----------date-----------": 0,
        "month":"dec",
        "date":"28",
        "-----------------content-----------------": 0,
        "content":
        "季虞是一本泛黃的書，看著自己寫得歪扭的硬筆字，顫抖的墨水漬擾亂了所有行距，此刻明白自己永遠無法對陌生的讀者誠實。「我醜陋的內心是站也站不穩，躺也躺不平般地不安與憂愁。請再給我下一個十年，待下一個扉頁泛黃的季節，我能勇敢，我能攤開所有已然殘缺的書頁，到時請靜心翻閱，我那經過時間折磨後的不甚完美。」<br>夏季的陽光是針，是刺。莫莫收到遠方的來信，附上寄件者的所有幸與她所失去的不幸，悲傷終於能稍微克制，眼淚可以說停就停。那天意外走進與自己無關的書局，書本上所記錄的文字竟朝著她飛去，砸穿她的皮膚，深入她的骨，窒息感讓她看見自己被壓倒在地，渾身不自在的氛圍掐著她逃出室外。「我寧可曬曬太陽，也再也不多寫一句。」",
        "--------------------others--------------------": 0,
        "text_align": 1,
        "diary_index_update_tag" : 0
      },
      {
        "title":"我是傑克孫",
        "-----------date-----------": 0,
        "month":"dec",
        "date":"28",
        "-----------------content-----------------": 0,
        "content":
        "季虞是一本泛黃的書，看著自己寫得歪扭的硬筆字，顫抖的墨水漬擾亂了所有行距，此刻明白自己永遠無法對陌生的讀者誠實。「我醜陋的內心是站也站不穩，躺也躺不平般地不安與憂愁。請再給我下一個十年，待下一個扉頁泛黃的季節，我能勇敢，我能攤開所有已然殘缺的書頁，到時請靜心翻閱，我那經過時間折磨後的不甚完美。」<br>夏季的陽光是針，是刺。莫莫收到遠方的來信，附上寄件者的所有幸與她所失去的不幸，悲傷終於能稍微克制，眼淚可以說停就停。那天意外走進與自己無關的書局，書本上所記錄的文字竟朝著她飛去，砸穿她的皮膚，深入她的骨，窒息感讓她看見自己被壓倒在地，渾身不自在的氛圍掐著她逃出室外。「我寧可曬曬太陽，也再也不多寫一句。」",
        "--------------------others--------------------": 0,
        "text_align": 1,
        "diary_index_update_tag" : 0
      },
      {
        "title":"我是狄嘉",
        "-----------date-----------": 0,
        "month":"dec",
        "date":"28",
        "-----------------content-----------------": 0,
        "content":
        "季虞是一本泛黃的書，看著自己寫得歪扭的硬筆字，顫抖的墨水漬擾亂了所有行距，此刻明白自己永遠無法對陌生的讀者誠實。「我醜陋的內心是站也站不穩，躺也躺不平般地不安與憂愁。請再給我下一個十年，待下一個扉頁泛黃的季節，我能勇敢，我能攤開所有已然殘缺的書頁，到時請靜心翻閱，我那經過時間折磨後的不甚完美。」<br>夏季的陽光是針，是刺。莫莫收到遠方的來信，附上寄件者的所有幸與她所失去的不幸，悲傷終於能稍微克制，眼淚可以說停就停。那天意外走進與自己無關的書局，書本上所記錄的文字竟朝著她飛去，砸穿她的皮膚，深入她的骨，窒息感讓她看見自己被壓倒在地，渾身不自在的氛圍掐著她逃出室外。「我寧可曬曬太陽，也再也不多寫一句。」",
        "--------------------others--------------------": 0,
        "text_align": 1,
        "diary_index_update_tag" : 0
      },
      {
        "title":"我是缺點",
        "-----------date-----------": 0,
        "month":"dec",
        "date":"28",
        "-----------------content-----------------": 0,
        "content":
        "季虞是一本泛黃的書，看著自己寫得歪扭的硬筆字，顫抖的墨水漬擾亂了所有行距，此刻明白自己永遠無法對陌生的讀者誠實。「我醜陋的內心是站也站不穩，躺也躺不平般地不安與憂愁。請再給我下一個十年，待下一個扉頁泛黃的季節，我能勇敢，我能攤開所有已然殘缺的書頁，到時請靜心翻閱，我那經過時間折磨後的不甚完美。」<br>夏季的陽光是針，是刺。莫莫收到遠方的來信，附上寄件者的所有幸與她所失去的不幸，悲傷終於能稍微克制，眼淚可以說停就停。那天意外走進與自己無關的書局，書本上所記錄的文字竟朝著她飛去，砸穿她的皮膚，深入她的骨，窒息感讓她看見自己被壓倒在地，渾身不自在的氛圍掐著她逃出室外。「我寧可曬曬太陽，也再也不多寫一句。」",
        "--------------------others--------------------": 0,
        "text_align": 1,
        "diary_index_update_tag" : 0
      },
      {
        "title":"我是秋天才",
        "-----------date-----------": 0,
        "month":"dec",
        "date":"28",
        "-----------------content-----------------": 0,
        "content":
        "季虞是一本泛黃的書，看著自己寫得歪扭的硬筆字，顫抖的墨水漬擾亂了所有行距，此刻明白自己永遠無法對陌生的讀者誠實。「我醜陋的內心是站也站不穩，躺也躺不平般地不安與憂愁。請再給我下一個十年，待下一個扉頁泛黃的季節，我能勇敢，我能攤開所有已然殘缺的書頁，到時請靜心翻閱，我那經過時間折磨後的不甚完美。」<br>夏季的陽光是針，是刺。莫莫收到遠方的來信，附上寄件者的所有幸與她所失去的不幸，悲傷終於能稍微克制，眼淚可以說停就停。那天意外走進與自己無關的書局，書本上所記錄的文字竟朝著她飛去，砸穿她的皮膚，深入她的骨，窒息感讓她看見自己被壓倒在地，渾身不自在的氛圍掐著她逃出室外。「我寧可曬曬太陽，也再也不多寫一句。」",
        "--------------------others--------------------": 0,
        "text_align": 1,
        "diary_index_update_tag" : 0
      }
    ]
  }