{
  "name" : "taki",
  "homeTown" : "Hualien",
  "formed" : 2016,
  "diaries" : [
    {
      "x" : 30,
      "y" : 30,
      "width" : 300,
      "height" : 300,
      "-----------date-----------": 0,
      "month":"feb",
      "date":"10",
      "date_x" : 120,
      "date_y" : 120,
      "-----------------content-----------------": 0,
      "content":"我夢到吃麵<br>夢到很多人來參觀",
      "content_x" : 30,
      "content_y" : 30,
      "--------------------others--------------------": 0,
      "box_type": 2, 
      "text_align": 1,
      "diary_index_update_tag" : 0
    },
    {
      "x" : 30,
      "y" : 600,
      "width" : 300,
      "height" : 300,
      "-----------date-----------": 0,
      "month":"jul",
      "date":"20",
      "date_x" : 120,
      "date_y" : 120,
      "-----------------content-----------------": 0,
      "content":"我夢到吃麵<br>夢到很多人來參觀",
      "content_x" : 30,
      "content_y" : 30,
      "--------------------others--------------------": 0,
      "box_type": 1, 
      "text_align": 2,
      "diary_index_update_tag" : 0
    },
    {
      "x" : 600,
      "y" : 30,
      "width" : 300,
      "height" : 300,
      "-----------date-----------": 0,
      "month":"aug",
      "date":"12",
      "date_x" : 120,
      "date_y" : 120,
      "-----------------content-----------------": 0,
      "content":"我夢到吃麵<br>夢到很多人來參觀",
      "content_x" : 30,
      "content_y" : 30,
      "--------------------others--------------------": 0,
      "box_type": 3, 
      "text_align": 3,
      "diary_index_update_tag" : 0
    },
    {
      "x" : 1200,
      "y" : 60,
      "width" : 300,
      "height" : 300,
      "-----------date-----------": 0,
      "month":"nov",
      "date":"15",
      "date_x" : 120,
      "date_y" : 120,
      "-----------------content-----------------": 0,
      "content":"我夢到吃麵<br>夢到很多人來參觀",
      "content_x" : 30,
      "content_y" : 30,
      "--------------------others--------------------": 0,
      "box_type": 4, 
      "text_align": 1,
      "diary_index_update_tag" : 0
    },
    {
      "x" : 3600,
      "y" : 30,
      "width" : 300,
      "height" : 300,
      "-----------date-----------": 0,
      "month":"dec",
      "date":"15",
      "date_x" : 120,
      "date_y" : 120,
      "-----------------content-----------------": 0,
      "content":"我夢到吃麵<br>夢到很多人來參觀",
      "content_x" : 30,
      "content_y" : 30,
      "--------------------others--------------------": 0,
      "box_type": 1, 
      "text_align": 1,
      "diary_index_update_tag" : 0
    },
    {
      "x" : 7200,
      "y" : 60,
      "width" : 300,
      "height" : 300,
      "-----------date-----------": 0,
      "month":"dec",
      "date":"28",
      "date_x" : 120,
      "date_y" : 120,
      "-----------------content-----------------": 0,
      "content":"我夢到吃麵<br>夢到很多人來參觀",
      "content_x" : 30,
      "content_y" : 30,
      "--------------------others--------------------": 0,
      "box_type": 2, 
      "text_align": 1,
      "diary_index_update_tag" : 0
    },

    {
      "x" : 8100,
      "y" : 120,
      "width" : 300,
      "height" : 300,
      "-----------date-----------": 0,
      "month":"dec",
      "date":"28",
      "date_x" : 120,
      "date_y" : 120,
      "-----------------content-----------------": 0,
      "content":"",
      "content_x" : 30,
      "content_y" : 30,
      "--------------------others--------------------": 0,
      "box_type": 5, 
      "text_align": 1,
      "diary_index_update_tag" : 0
    }
  ]
}
